street_1,street_2,city,state,postal_code,override_geocoding,latitude,longitude,route,mailing_name,mailing_street_1,mailing_street_2,mailing_city,mailing_state,mailing_postal_code,emails,phone_numbers,external_id,association_name
32369 Zackary Circles,,Macejkovicland,Kansas,49373,true,27.133015511375277,-139.62033337678344,Route 2,Loni Monahan,674 Cicely Viaduct,PO BOX 819,West Halview,Maryland,39987-3596,michiko.emard@senger.com|rolf@farrell.co,1-111-379-8385 x88051,e559c8f324f7c91ad43db12c053f50f3,Pine Gardens
66052 Crona Mountains,,Lake Almeda,New Hampshire,84381-7375,true,17.144004536389247,0.19721163818510945,Route 2,Brittani Walsh DDS,2426 January Isle,PO BOX 2629,Joyestad,Alaska,23573,gary.willms@johnwift.com|faustino@bartell.net|mack@becker.net,(923) 396-5005 x188|(211) 779-3166 x91654|223.361.9323 x7781,6f7bb4a0b8965568058e833f68968da8,Park Heights
1359 Pouros Light,,West Issac,Oklahoma,80606,true,-4.831227309434794,16.89669484242006,Route 5,Mr. Lue Bernhard,71286 Erik Cove,PO BOX 2177,Strosinfort,Kentucky,12975-0133,emmy@schaefershields.io,(936) 485-3056 x761|1-560-465-1805 x1304|1-671-794-8306 x865,c17f9b45bedd15af60c992ced3dfe5d8,Park Heights
62746 Rickie Cliffs,,North Elia,Colorado,54823-0427,true,28.352067894838086,-5.231097531720678,Route 2,Lola Doyle,517 Miller Lodge,PO BOX 4815,New Stephenie,Texas,80280-6233,lashawn_jaskolski@fadel.biz|carlyn@goodwin.org|jonathan@bernhard.co,(693) 493-6201 x46645,aa22b1e0d3135a0756048a3bc00ee4d1,Park Heights
278 Jones Canyon,,Farrellland,Montana,17726-1731,true,-67.52824210212313,34.437090603594726,Route 3,Trish Collins DDS,5547 Luke Port,PO BOX 3697,Lake Mel,Louisiana,52411-8632,"",725-188-2759 x196,56d80401bee6391f5d1f18696f0b7b74,Park Heights
9545 Mohr Rapid,Suite 640,Wilfredoborough,New Hampshire,04798,true,63.349542115759675,-151.42740620471898,Route 2,Shawn Kovacek,2755 Stanton Islands,PO BOX 5148,Beierview,Alaska,36263,heath@feilturcotte.co,1-111-796-2178|(813) 080-8483,12b3183827b34d740a2d569098340c40,Park Heights
1348 Gleason Pines,,Lake Hirammouth,Nebraska,29226,true,-47.558357178907784,111.97790597150998,Route 2,Chet Pollich I,909 Daphine Creek,PO BOX 3688,Port Morris,South Dakota,70145,"","",87c07c76984c5734208c23fbf47273df,Park Heights
247 Champlin Turnpike,,Sporerfort,Alaska,54306-9115,true,-36.580534002071715,-59.31605988131764,Route 3,Oralee Kassulke,35484 Cathi Cliff,PO BOX 3486,Lemkeport,Hawaii,67892-6776,austin@reichertbernhard.org,"",7432ff7783fbab423b61b82f1f67256e,University Heights
9160 Tari Land,Suite 544,Schmelerfurt,Delaware,58336-1498,true,-19.13810798474485,64.75017045915985,Route 4,Marketta Cronin,5930 Cheryle Well,PO BOX 7173,Dionnahaven,Rhode Island,67389-8210,samual_botsford@kunze.info,(182) 210-4701 x0520|599.248.9753 x534|1-573-204-7081 x353,88c4d2a2ba23a84d589ab69aa6516934,University Heights
658 Ankunding Neck,,Trumanton,Hawaii,14500,true,-88.13477899118176,-50.11342875290961,Route 3,Sherry Stroman,436 Hilario Isle,PO BOX 2473,Lake Eda,Delaware,62307,claris@hagenes.name,"",63ac6cd4f6e1d4b4c287ce53c7b1fa04,University Heights
89566 Balistreri Island,Suite 360,East Coleenstad,South Carolina,30949,true,-58.414752670892284,-113.24804465870712,Route 5,Dr. Scotty Keebler,760 Brenton Square,PO BOX 7241,New Perlabury,Kansas,78966-1733,franklyn_gottlieb@schmeler.co,344.878.6893,b7fbaa92a162cbd1d85cfd9306956362,University Heights
902 Jefferey Manor,Apt. 378,West Jerrellmouth,Arizona,98175-1519,true,74.45125717739415,-173.1431519029577,Route 5,Angelita Kuhic,13111 King Village,PO BOX 6695,West Ruthefort,South Dakota,06386-7633,"",1-106-091-3748 x952|966-410-7848 x44770,81a125d18ea59c2efd5e83c2f3868c80,University Heights
584 O'Conner Highway,,Rochellestad,Vermont,52936-9027,true,28.522090468854344,-87.55294859418531,Route 3,Keneth Deckow,319 Dina View,PO BOX 4323,East Kermit,Nebraska,60123-1233,mason@jaskolski.net,1-887-867-1168 x0874,853bc5aafa77269041f175a863e6da8c,University Heights
6036 Hessel Spring,,Hahnville,Vermont,52250,true,51.09471459370445,-139.09613676659524,Route 4,Sol Sauer,12391 Assunta Ford,PO BOX 7643,West Briceland,Georgia,11830,sanda.ryan@lind.net,"",7bbe80fb4859aadfab8445ea9c3fa4f6,University Heights
504 Schulist Turnpike,Suite 861,New Malikmouth,Michigan,17685-4934,true,76.03777663967631,-155.5943996005616,Route 1,Seymour Moen,11759 Kenton Falls,PO BOX 1946,North Lorette,New Hampshire,27457,rico_torphy@ziemannhartmann.net|forest.schneider@bednarherzog.net|boyce@gibson.info,(245) 873-7963|1-887-842-6872|(393) 452-4557 x80774,55c2dcc48a689701201cbcf90422ed21,Eagle Pointe
62644 Johnie Spring,Suite 630,West Rhett,Iowa,47932-8730,true,-71.34546508531162,-96.13132180021768,Route 1,Chana Baumbach,12349 Abraham Wells,PO BOX 3808,Lake Hilario,Tennessee,81593-8308,vivien@borer.name|hilaria@beahanromaguera.net,607-555-2988,0763a6a1879f4f869641f2dd1d73e9af,Eagle Pointe
513 Ritchie Crest,Apt. 938,West Genaro,Alabama,37481,true,-11.578140091985347,-164.5722493742199,Route 5,Shea Hessel,88234 Stoltenberg Locks,PO BOX 2559,Jessstad,Colorado,15206-9805,"",1-109-782-4998 x771|(420) 896-2859 x1124|593.794.5246,e0dc470c5dc6b55918f4a23a49c66f66,Eagle Pointe
687 Grimes Plain,,Lake Randellstad,Utah,63954,true,39.75749483193064,137.0223460674996,Route 2,Trevor Turner,6002 Rickey Manors,PO BOX 5319,Shielamouth,Oregon,44525,"","",7015c032d1ad1d5957d5df628f1f12c3,Eagle Pointe
11812 Gulgowski Ranch,Apt. 666,North Ezequielberg,Arkansas,27013,true,34.483432823863296,49.77973799486816,Route 1,Adrian Mills,22788 Jamel Mission,PO BOX 3333,South Brooke,Arkansas,93358,gretta@kubjacobi.com|donte.williamson@wunsch.io,"",9325a3c87ad0174e40453f37073df248,Eagle Pointe
3177 Grant Landing,Apt. 405,Andreaborough,Oklahoma,17767-1933,true,51.18000308260309,177.4966301607691,Route 3,Cletus Wolff,813 Lou Crossing,PO BOX 3193,East Keenantown,Montana,74923-0851,gerardo@volkmanfriesen.name|levi_tillman@schoen.info|lewis@dickens.info,521-246-2404|200.221.5807 x5827|167.455.2048 x7118,6e121d1187a55d49a770c05c7f7578a4,Eagle Pointe
864 Donette Islands,,South Bernardport,Delaware,10548,true,85.46944322181585,-103.43029992640305,Route 5,Ms. Stefanie Parisian,6324 Schinner Highway,PO BOX 1362,Kuhnside,Maine,41316,sheila@lueilwitzhackett.co|annetta_bosco@luettgen.co,"",fcfd8a009ac45653433f2ed0dbda92e2,Eagle Pointe
61631 Beatrice Ways,Suite 511,Elfriedebury,Hawaii,52019,true,-89.18188846391566,-99.29772130797183,Route 3,Rolland Kautzer,19445 Runolfsdottir Grove,PO BOX 1573,Port Jean,Illinois,46161-8574,"",(844) 916-8789 x237|(687) 819-7741|1-319-194-2910,8d404b7a5ae6db9cd1c82d26ee7861b4,Eagle Pointe
359 Mika Inlet,Apt. 293,Rempelberg,Louisiana,19171,true,2.239321752921427,37.92545295843718,Route 5,Roni DuBuque,769 Bashirian Inlet,PO BOX 3773,Port Breannaborough,South Carolina,94797-1059,"",693.126.1358 x4050|238-746-3115|1-758-079-8156 x15316,4f56b05216ad54b8001fe926ca7d568a,Eagle Pointe
16483 Andrew Points,,Donnettestad,Virginia,26551-6105,true,-3.9350895781108335,-32.46566825136546,Route 3,Glenn Purdy,533 Nadia Pike,PO BOX 5217,Port Cherburgh,Minnesota,82355,odell@bergeroob.info,1-660-137-0193 x43922,eca1f999041d1377e9983ca41ddee835,Eagle Pointe
2068 Bibi Vista,Suite 848,West Stephane,Idaho,77137-1894,true,33.15418361440102,-127.56996672424648,Route 4,Carlene Mante,1571 Sau Crescent,PO BOX 3972,Lake Inellland,Maine,51233-3128,lili.monahan@tremblay.name|benedict.aufderhar@flatley.net|liana@robel.co,1-311-634-3781 x048,55c33b9d05f7b610ce2e4dd281708bb0,Eagle Pointe
5834 Billi Ford,,New Erinn,Alaska,70587,true,-75.8753812806782,-71.07282238359261,Route 5,Ms. Jann Koelpin,904 Streich Circle,PO BOX 7966,Labadieshire,Delaware,57701,shara.cain@maggio.com|donnell.cole@harvey.biz,895-503-3343 x92381|1-720-513-1647,47a155142bb9f809925c6b7d8c8ef01f,Eagle Pointe
5258 Prince Light,,New Yaeko,North Dakota,42339,true,-61.81051155681744,37.05805492788366,Route 2,Chang McClure,499 Beahan Plain,PO BOX 5533,South Fred,Wisconsin,48815,freddy_rowe@nikolaus.biz|dorcas_rempel@monahan.biz,732.191.8507 x86776,742d15c7646d04fac7f67e9da5a4e709,Eagle Pointe
30053 Runolfsson Isle,Suite 924,New Jon,Connecticut,10389,true,80.65018554793016,14.129056246247586,Route 4,Brad Rempel,527 Kozey Village,PO BOX 6895,Russelside,Louisiana,63900-5151,hanh.bins@boyerhansen.biz,996-264-8793 x9103|731.051.6364|967.077.8738,c530a3f25a88cbac8f94fac4e1f65704,Eagle Pointe
83655 Gilberto Greens,,East Gerardland,North Carolina,90487-0795,true,62.03511343331567,-72.2399629219931,Route 2,Dr. Lai Kutch,48568 Schamberger Flats,PO BOX 1159,New Aishaberg,Utah,80167-5534,"",1-668-162-6461 x1311|408-335-0097 x83879,e692aa7a003ce82f87d5e797a92f2a59,Eagle Pointe
7995 Bryce Ferry,,South Jack,Missouri,97069-5637,true,38.17543690057818,-22.76969362526654,Route 5,Buck Beatty,3291 Moen Tunnel,PO BOX 5632,West Calvinborough,North Dakota,60090,darnell.oconner@wildermantremblay.name|leonila@lakin.org|tamara.rutherford@schroeder.biz,490.442.3945 x2567,734a3a6ac6063736497a6ed96255f87b,Eagle Pointe
98263 Mckenzie Port,,West Priscila,Montana,37971,true,-39.07643513637361,-156.09821183615486,Route 1,Lucius Okuneva,3480 Kulas Hill,PO BOX 7508,Dannyberg,Alaska,07838,"",884-648-3533,8c855299440b2121a2275f6f522f791e,Park Oaks
111 Prohaska Freeway,Apt. 584,East Miquel,California,59058,true,28.301725994013907,-111.72186807071273,Route 4,Beatris Wolff,1792 Katherin Road,PO BOX 7260,South Vancetown,Nevada,46041-2783,"","",ebbcab24ce68b1bc813ac1b39dcc7f5e,Park Oaks
7259 McLaughlin Bypass,,West Douglaston,Alabama,73388-3080,true,61.56434193269203,146.77738867298063,Route 1,Dr. Jermaine Ankunding,928 Parker Landing,PO BOX 2527,South Patty,Indiana,61213-3735,carmen_jast@kreigerherman.com|ethan@schulist.com|leatha@bernierheidenreich.co,1-454-756-9101 x882,e63f12c43bfa6b1614b1312d0f7a024a,Park Oaks
8989 Mary Cliff,,Port Samland,Maryland,70722,true,-87.37236581712337,-120.166044293567,Route 1,Mr. Truman Jast,909 Sherwood Ramp,PO BOX 3767,Kozeymouth,New Jersey,23440,isabel.ritchie@collins.org|aretha@schambergerkihn.biz,"",7eac6ea3160317545b2ab538dba6eaf4,Park Oaks
643 Kandy Circles,Apt. 919,Maggiostad,Missouri,73911-6521,true,78.76209501337311,-156.71470889984198,Route 5,Becky Schiller,1312 Heathcote Park,PO BOX 1615,Port Vance,Minnesota,65391,ken@stracke.com,1-122-293-4949 x17502|347-480-9604|769-359-1120 x746,9e5efff4395e00efc7139e29c94d8ccf,Park Oaks
8681 Tad Skyway,,Okunevaland,California,46219-9934,true,-16.425752715483114,114.59789863836619,Route 1,Stan Harvey,74137 Sipes Village,PO BOX 6577,Houstonview,New Hampshire,85242-7188,beula_lehner@rohantromp.co,(945) 185-1413|559.189.9496 x670,012ae63e84fd37bb351cd24fdf4ec321,Park Oaks
8855 Dione Divide,,Lake Lizeth,Arizona,81357,true,-55.503700118344,-64.90531648960939,Route 1,Delsie Cummings,7643 Zieme Wall,PO BOX 4932,Schaeferfort,Nebraska,64596-3749,dick@gottlieb.com|christopher@crooksfadel.biz,"",e74b65ab7673475f17f3edcf4d850423,Park Oaks
68911 Weimann Cove,Apt. 828,South Kacie,Arizona,63324,true,67.9994369277812,54.97480995156562,Route 1,Mrs. Greg Russel,7479 Agripina Falls,PO BOX 2593,Botsfordmouth,Delaware,00824-7258,hugo.wuckert@bechtelaroreilly.io|manuel@aufderharpredovic.biz,186-081-0299 x215,fd7d19b33f8c299563bce326b209f637,Park Oaks
7852 McLaughlin Street,,Rubinview,Alabama,13930-1030,true,-22.45848804445893,-152.6484603520802,Route 2,Robin Shields,8509 Ebert Wells,PO BOX 4181,South Riva,Hawaii,63620-6627,"",1-972-202-5004|(930) 611-9101 x9124|977-037-0824,d9287e447fb6699b711702c06cfcc101,Park Oaks
155 Maryellen Camp,Suite 654,Bryonfort,Texas,35009-4549,true,-24.0500073982936,-175.58781884099508,Route 1,Mozella Bode,558 Bernita Haven,PO BOX 2045,East Russellmouth,Oklahoma,99913-2964,"",(992) 484-8453,c18f30ecc038d19e26441024b7b84aa3,Park Oaks
17125 Donnelly Motorway,,Cristineshire,Idaho,84627-7406,true,67.91909390725303,152.57754991948497,Route 2,Adelina Bashirian,60359 Amado Grove,PO BOX 4410,Violetmouth,Oklahoma,69424-1068,karina.skiles@jacobi.name,1-253-969-5374 x99965|1-465-755-8131 x926|1-391-807-1050,1329174a37bc589f71382fc5bf9c24d9,Park Oaks
31995 Greenholt Centers,,East Wilbertmouth,Indiana,34709-7193,true,70.11987744655033,-57.10162993616149,Route 4,Alvaro Cremin,7477 Elliot Square,PO BOX 3502,West Henryside,Michigan,47085,lakia@kutch.co,963-506-9048 x6194,49085964ceb0a98025278c6c12724410,Park Oaks
12429 Marquardt Lights,Suite 194,Leonbury,Connecticut,48175-9534,true,68.98792219656511,11.570736110897002,Route 5,Shannan Zieme,66200 Donnelly Motorway,PO BOX 3794,Waltermouth,West Virginia,75040,"",1-577-685-5650 x2950|225-354-1025|580.094.2146,44cc2821ef6a8be2668bc45d540351e4,Summer Pointe
67308 Heaney Green,Suite 763,Lake Khalilah,New York,88442,true,58.84625330374655,-32.42144851753591,Route 1,Abe Windler I,36880 Dominique Alley,PO BOX 4792,West Micah,Alaska,66699,tonja@casper.io|desiree_fahey@howe.co|carol@parisian.io,406.753.7429 x788|(440) 914-7166 x9510|(205) 412-3010 x2867,6c10dd1e707af47f65c64201c66f8768,Summer Pointe
3371 Raynor Valley,,Framiville,Delaware,36400-7180,true,-36.04953642726608,-130.7313614957808,Route 3,Asa Veum,93079 Elliot Forges,PO BOX 5018,Bryonland,Florida,90002-1821,precious@braun.com|claie.abernathy@howell.io|kermit@auer.co,(135) 083-7038 x933|1-552-591-3210,8727d4c8377cf45aeff4486db3ad2bb9,Summer Pointe
92840 Von Parkways,Apt. 692,Lake Justinton,Delaware,42366-1470,true,58.03335291089874,-48.0530448798425,Route 2,Merle Bernhard II,3526 Shanahan Ferry,PO BOX 4719,Marquardtview,Kentucky,74783-9512,grady@johnson.com,961-805-4416 x63172|765.855.4703|1-768-595-2641,3742334034ea65857809f8c6028aadfd,Summer Pointe
8417 Kayla Harbors,,Nolanview,Colorado,56064,true,-44.82199053642733,144.1689793667079,Route 1,Mrs. Yang Ullrich,2747 Narcisa Greens,PO BOX 2245,East Terry,Hawaii,73935-5059,effie.williamson@reingerjast.info,1-685-188-1553 x070,f311420bba1d258f68e0b1bee46be345,Summer Pointe
604 Zoraida Mill,,East Maryalicefort,Oregon,94273,true,-65.86815326584623,-136.3993957981341,Route 2,Ms. Augustine Mohr,852 Okuneva Street,PO BOX 3280,Lefflerport,South Dakota,01160-9206,albert@kautzerfay.name|tom_waters@ferry.org|consuela@veum.net,"",0659841d8b32abfb6622e603b60e797e,Summer Pointe
6353 Ratke Groves,Apt. 921,Port Russel,Michigan,29031,true,25.650320315909013,158.15687743710322,Route 4,Nolan Thiel,270 Dickinson Crossroad,PO BOX 7850,Hackettberg,Vermont,86887,ruthanne@oberbrunnergrant.biz|stephania_abbott@torphy.biz,903-430-7086|1-276-842-7288 x252|133-213-6174 x64111,350751487442f2908bba311a6a550acf,Summer Pointe
807 Marvin Meadow,,Port Bonny,Michigan,66522,true,31.571137609975125,-51.415179369469655,Route 5,Floy Hudson,3133 Hubert Tunnel,PO BOX 3467,New Mathaview,Pennsylvania,03206,david@steuber.co,1-558-175-7233 x85358|1-679-574-5790,c5e9dca0f995e14dca44ace9d848c5cf,Summer Pointe
34657 Wehner Ville,Apt. 473,McClureville,Hawaii,68149-0131,true,-69.38209078148233,157.25952321996846,Route 4,Miki Armstrong,827 Pearline Mall,PO BOX 2287,Jamaalhaven,Nevada,02055-0412,eugene_boyer@christiansenfisher.net|linsey.hickle@tromp.name|mervin_harris@ernsersenger.net,275.263.9385 x6076,4659822ab5ed00c281a57a6cd87720a8,Summer Pointe
38906 Ozzie Road,,Aleshaport,California,32666-1281,true,-68.6471587626682,-122.55669674574227,Route 2,Sharie Green,991 Gayle Locks,PO BOX 6793,South Eldridgemouth,New Mexico,55170-1403,gary@braun.org|chang@blick.info,(110) 166-3252 x812|(736) 906-5049 x3854,1a6d21ed6a111bcb52921f20fb8df537,Summer Pointe
9824 Anderson Island,,New Robbyfort,New Jersey,25331-0350,true,49.49359827200033,63.964647491685525,Route 5,Jenny Conn,5324 Shannon Stravenue,PO BOX 3587,Darrickland,Arkansas,66214-1722,rodolfo@kuhlman.org|alva@jerde.name|manie_ziemann@mcglynn.org,1-445-367-1654|1-627-440-9807 x776|1-983-959-7549 x9332,cc63882682909662e4cc18328489fc33,Summer Pointe
1092 Mallory Villages,Suite 937,South Kasey,Michigan,53277,true,-70.09392836490024,-26.48198193104625,Route 3,Sparkle Haag,758 Kautzer Street,PO BOX 3724,South Shea,Alaska,51674-9537,eusebio@gulgowski.name,1-491-460-4322 x50092,d0dae5940bfaea7cdeb57267e1487717,Summer Pointe
6685 Jaskolski Points,,Weberport,West Virginia,25840-9324,true,-84.91721982713993,-79.1080686532384,Route 1,Myrtice Deckow V,74623 Friesen Hollow,PO BOX 5421,Joshside,Montana,51899,kris@sawayn.info|aurelio@terry.info|oren.kaulke@murazik.com,(253) 010-8371 x479|(317) 862-6551|(957) 791-7731,73ea99c2817fa2cc571cfceb9740f588,Summer Pointe
123 Phuong Causeway,Suite 300,New Forrestview,Indiana,06344,true,-1.6530923215642446,-148.4188291488128,Route 4,Cheri Krajcik,777 Jamaal Ville,PO BOX 1521,West Lyman,California,48355,shad.goldner@cormier.io,1-767-991-3142 x74302,11db09e2a816d0b4e3a48092a7de00eb,Summer Pointe
69836 Littel Hill,,North Devinville,Utah,44129,true,-41.147412522179756,-4.257196647847422,Route 2,Jaimee Bayer,78645 Leatrice Trail,PO BOX 3236,South Elvieside,Michigan,12627,sang@gulgowski.org|zofia@damore.name,524.983.8111,25f8e0f622bde9e3a2b24612d7c8ce4c,Summer Pointe
30179 Fahey Glens,Suite 174,New Gustavofort,Iowa,06667,true,4.693164779606533,-127.7281159459705,Route 2,Larry Koelpin,88835 Collier Falls,PO BOX 3053,Port Kimbramouth,Wisconsin,64716,"",1-398-675-3622 x470,203515fa7367e7b405ca0fbe0cab7072,University Oaks
48803 Kenia Field,,Lake Ike,Delaware,08129-4557,true,79.24772951653003,-126.90265550164779,Route 5,Randy Hackett,871 Pagac Hill,PO BOX 6429,Lake Nicolasa,New Mexico,91141-7952,"",665-026-9802|(978) 268-9259 x0531,ed0eb380b8af682f388325f76eb52155,University Oaks
21713 Anja Run,Apt. 956,East Antonetteborough,New Mexico,57050-0906,true,12.107654295978392,33.77676891385204,Route 3,Wendell Nolan,951 Hoeger Trafficway,PO BOX 628,Antonettaton,Tennessee,22122,luciana.sanford@wehner.info|dannette@grant.biz,456.324.8100,96540f325a852b17aff9ed3c139e0b51,University Oaks
949 Madonna Turnpike,,Lake Rexfort,California,06566,true,25.115641344654364,-30.00267182959223,Route 4,Rosemary Kertzmann,297 Tory Ferry,PO BOX 1780,North Earlene,South Carolina,20558-7429,ralph@herzog.io,540-611-3815 x1756,14555caf22a7218a67f9eed52347f659,University Oaks
1654 Jennefer Keys,Suite 990,North Bennieport,Delaware,70492,true,68.57885050918483,87.21078339967062,Route 4,Merle Berge,660 Tommy Station,PO BOX 7619,Rickeybury,Washington,86349-4435,"","",ba81fda23af499a6cb858b614868de94,University Oaks
36258 Jaclyn Prairie,,Lake Alphonsoport,Kentucky,91813-1447,true,-20.902893779373855,-23.998235904993408,Route 5,Jeanmarie Nolan,21701 Parisian Unions,PO BOX 5722,Hodkiewiczfort,Kansas,21328-7594,luigi_wilkinson@halvorson.com|lamar@abernathy.biz|rebbeca@kuvalis.org,128-168-0696 x1236|176.201.3581 x4100,61d758718ca999a73c4bc5ea2476b436,University Oaks
66606 D'Amore Dam,Apt. 261,South Faustina,Montana,49332,true,-43.73770458086034,81.46596208500875,Route 3,Veta Haley,384 Sauer Fords,PO BOX 6692,Rosefort,Illinois,20325,"",847-301-9073,079b353c70d75ac4b8f425623ac38c3a,University Oaks
224 Gerlach Ramp,,Sergioport,Oklahoma,11594,true,-30.168215424859127,7.459414535051025,Route 4,Al Goldner,284 Darrel Ridges,PO BOX 7200,Port Timika,Hawaii,68995-1786,eddie_larkin@sauerschumm.com|colin@cormier.name,"",000e9a4b6cc0f72ab36874e24df9a6b2,University Oaks
6665 Flatley Forks,Suite 701,Port Jasperfurt,Oklahoma,22207-8632,true,-76.1599392698937,77.23887121055213,Route 1,Dr. Lea Stroman,8857 Jaunita Squares,PO BOX 5540,Lueilwitzview,Arkansas,23692,"",551.678.5860 x8253,5af547dec7632151b039743df78cf93f,University Oaks
54858 Jeff Gardens,,East Bradyton,Mississippi,65751-9629,true,-89.63544193537099,-31.706828786155626,Route 5,Lucio Dach,18058 Pfannerstill Avenue,PO BOX 6893,North Chaseville,Maryland,61641-1366,arnoldo_conn@wizamayer.io|joana@kulasoberbrunner.name|demarcus@crist.io,"",2877c5d6c4645358cff2e2b173ddfb1b,University Oaks
735 Wehner Court,,Vivianmouth,Georgia,92829,true,-12.209622427236397,167.4112725871222,Route 4,Odette Berge,457 Mante Club,PO BOX 1465,Steuberhaven,Connecticut,23100-7702,marshall_graham@breitenberg.com,905.436.0159,3774ce19ce3fa8e3f8afbad9e0084d03,University Oaks
8783 Sal Street,Suite 605,Avrilport,Iowa,83278,true,23.246559750068144,80.91175095418828,Route 2,Katie Frami,6308 Nienow Mountains,PO BOX 665,Port Alecia,Indiana,54798,ariel@lednerschroeder.io,984-238-9184 x169,23d618c2a5760414c252e5bec3bf564e,University Oaks
670 Eliseo Pike,,Shawnaport,Massachusetts,34165-8755,true,3.8362646931655604,172.0260189020775,Route 3,Angelo Stiedemann,972 Greenholt Fork,PO BOX 6896,West Bernardofurt,Arkansas,67745-7507,india_sanford@yundt.biz|devin.kuhic@stoltenbergschulist.co,1-108-008-7612|1-192-798-9388 x7677,023e28a10aa055e0300d1fd491b2e730,University Oaks
76439 Emogene Lakes,,Murphyfurt,Nevada,46239-5844,true,18.10830368807251,-118.26762772421966,Route 5,Jerald Dicki,5611 Charissa Hill,PO BOX 3375,Port Kris,Florida,76074,larue@dietrich.info,"",d70bc18f7a2dd93c52030d7922f5c524,University Oaks
9242 Sauer Ways,,Port Shaynebury,North Dakota,69152,true,63.33753161999667,-165.3755839283489,Route 1,Kellee Bruen,860 Koelpin Lake,PO BOX 7668,Port Almedatown,Colorado,23216-0849,hayden@adams.co,"",083a4d8e6191a205e1cadb2fe141ac2f,University Oaks
5406 Britany Ferry,Suite 274,North Edward,South Dakota,06468-6671,true,55.311808177572146,159.16268457121384,Route 1,Felton Deckow DDS,85168 Leatrice Lodge,PO BOX 2650,Muellerport,Ohio,53489-0111,carmella@watsica.info,1-335-136-5604 x129,27db8d8d2b1b0b416b49a8af7e25dc04,University Oaks
7060 Stracke Crossing,Apt. 741,Port Harrison,Florida,43320,true,-11.130209824929437,-154.24159966390283,Route 2,Byron Macejkovic,25585 Glen Hollow,PO BOX 1139,Gottliebbury,Arkansas,39097,joan.raynor@nolan.biz|seth@herman.net,1-955-502-4021 x6670|224.070.7238 x96918|108-411-8780 x62139,3717c04a0d5ed1cc4b2637c5903a11d3,University Oaks
7320 Bruen Ports,,New Carlo,Arizona,10546,true,42.294402046328884,-88.53228720214535,Route 5,Cornell Bayer,615 Rodney Springs,PO BOX 5825,Doylebury,Virginia,62523-6639,jarvis@schmidtlemke.name|edna.lindgren@crona.info|wesley.ko@langosh.co,(437) 162-2834 x6031|1-523-554-8687,08c53bdc03d583e5177d169fcb1c1ae2,University Oaks
394 Mirian Track,Suite 877,Antonyborough,Colorado,69063,true,-47.93539425891428,-82.4052394341468,Route 4,Dr. Johana Mante,4396 Doyle Gardens,PO BOX 2100,North Maganfort,North Carolina,62802,sidney@stehr.org|rex.streich@ritchie.com|leanna@stoltenberg.co,"",53442cb2dd5dee3c947a59d03a8c5bd8,University Oaks
338 Rosaria Mountain,Apt. 149,Port Andreton,Minnesota,16450,true,-46.44723754682164,81.78891941598704,Route 4,Sondra Harvey,4324 Hamill Dale,PO BOX 2314,East Francismouth,Hawaii,45018-4058,darleen.schulist@schmittmoore.io|racquel_hilll@will.name|andy_mayert@altenwerth.info,483.514.6091,31b6fe56cfa72f3c9420eabce5ad290f,University Oaks
432 Margert Roads,,Kautzerborough,Florida,92941,true,-60.857152768963466,143.19599086909125,Route 3,Oren Wisozk,80842 Oberbrunner Valleys,PO BOX 5588,Lake Sonjastad,West Virginia,15132,palmer@vonhane.name|gillian@dicki.info|lavenia@sauer.net,1-491-616-8688 x1556,7c61d753f98c984091252cc30d7aec70,Autumn Gardens
14323 Sauer Extensions,Suite 367,South Marquitta,California,88445-7990,true,-37.58351223844775,33.19391043870874,Route 5,Carlo Stracke,904 Bogan Forge,PO BOX 4917,Conroytown,Texas,44772-9585,alejandra_spinka@mayer.co,1-881-529-0216,ab345335448cdb9e33430ea9eb4f95d8,Autumn Gardens
789 Alex Throughway,,O'Connellmouth,Indiana,58232-4930,true,61.480570288125705,-52.48455747384807,Route 5,Miss Gertude Kuhic,629 Adrianne Radial,PO BOX 7079,Laurenshire,Utah,77889,shea_howe@nitzsche.name,(719) 383-6504|428-074-9403,ec55e907e6fa04302fb31401f26afb3d,Autumn Gardens
65348 Alden Streets,Suite 429,East Joesphstad,Mississippi,27149-8037,true,-9.88446125891926,-51.72292501645802,Route 1,Leif Shields,384 Lehner Turnpike,PO BOX 5085,New Jacquesview,South Carolina,14583,anne_moore@schuppechristiansen.org|pattie.pfannerstill@adamsnienow.org,805.527.0176 x6212|536-348-7059 x9125|366.875.2413 x047,41b0d1e5915fc80a752f38862749d4f1,Autumn Gardens
106 Bauch Point,,South Valentina,Montana,90737-6543,true,-53.15964761252214,-20.01310105489364,Route 2,Ginger Anderson,34251 Stan Springs,PO BOX 7380,Harbermouth,Kansas,17743,"","",539aa2e5c78ba24d5be263b61f56009f,Autumn Gardens
43743 Daisey Vista,Apt. 562,Cormiermouth,Maine,95824,true,48.927573098677755,-47.4611765160748,Route 1,Wilford Quitzon,1913 Medhurst Forge,PO BOX 1697,North Marc,Utah,66373-0893,"",1-159-803-5973 x95728,b1079d62e3a1193a86967d44be9836a1,Autumn Gardens
18946 Bonny Route,,Loritachester,Pennsylvania,05816,true,7.404407963722335,-9.512186818120767,Route 1,Dr. Kirk Thiel,565 Mikel Motorway,PO BOX 4448,Margeretville,Idaho,31666,"",1-246-875-9344 x99264,f3aab2061a1b94c73f4a8c5c089ae00b,Autumn Gardens
65916 Jocelyn Locks,,Elijahborough,Idaho,56024-4157,true,-89.78898359925428,16.155408609977684,Route 1,Carman Jacobson IV,4324 Jaskolski Drives,PO BOX 7627,New Crista,Missouri,69649-0076,lyle@grimesbuckridge.info|tyra.vandervort@torp.net,(218) 153-4721 x805|838-717-3989,3352022eb63160efc115247ff579b961,Autumn Gardens
495 Shanda Knoll,Apt. 524,New Patsy,Michigan,62205,true,-10.92221014965726,-60.49004086034459,Route 3,Ginger Crona,5958 Gonzalo Orchard,PO BOX 2098,Lindgrenstad,Texas,80167-8423,griselda@rueckergrady.io,"",5fa6ac83fca416acceb487b87677a417,Autumn Gardens
9598 Carter Row,,Barneyshire,Idaho,43280-6531,true,-34.96355586911519,148.61317770258415,Route 2,Michelina Schoen,8796 Breitenberg Pines,PO BOX 632,Jesseberg,Arizona,05738,margarette.blick@williamson.org|kandy@jakubowski.org|kary@kemmer.biz,1-162-879-7989|578-518-1248 x451,ec8e6b8559c70155a33e5c2ed1657ce1,Autumn Gardens
672 Ezekiel Plaza,Suite 468,Shantelborough,Minnesota,32533,true,-8.683311900673232,170.2699126893595,Route 1,Tamekia Kuhn,192 Gertrudis Valley,PO BOX 6099,Port Cleopatraport,Oklahoma,02663-7469,blair@weberschmitt.org|amos.fisher@schroedermacgyver.name|eva@vandervort.name,974.747.8208 x24651,ce4eb3e80f232f69c767378001f467e8,Autumn Gardens
40807 Jodie Brook,,Port Hollismouth,Arkansas,86867,true,83.38019809324604,-31.873849437073773,Route 1,Dorathy Rutherford,212 Hudson Loop,PO BOX 5862,Kundeburgh,Delaware,20152-7061,racquel_ledner@lynchhyatt.org|homer@haley.io|sean_feest@gaylorddare.io,(294) 811-8392|1-273-552-1548 x2780,422013ca0e2b708b14d4f2a1c2d27adc,Autumn Gardens
249 Alanna Branch,,Willburgh,Arkansas,18344-3669,true,-17.193750951266722,167.40478257932529,Route 2,Issac Ritchie,671 Mitchell Road,PO BOX 3070,Stoltenbergborough,Connecticut,93585-2234,brandon@dachgrant.co,985-776-8600|919.096.9817,0874781e151ab7edcf2497f762d5f4d3,Autumn Gardens
5529 Gutmann View,Suite 479,Carylonhaven,Alabama,42742-9690,true,70.34081162585815,150.79838684328456,Route 4,Ms. Alec Blick,8953 Wilfred Station,PO BOX 7121,Boyermouth,Missouri,26265,kyle_ziemann@schamberger.org|dinorah@lynchgreenholt.net|emilio@zboncak.org,794.200.9482,423ce8276c065769b75c290cea0439c0,Autumn Gardens
804 Karl Trail,,North Amosberg,Delaware,93945-2910,true,-52.29913835679534,-174.75073190704364,Route 2,Cherly Pacocha PhD,50438 Tommy Light,PO BOX 5876,Port Gastonstad,Wyoming,35790-2020,britt.volkman@gislason.net|hunter.klein@turcottedicki.co,"",8172179b66f886a74dcb3fd58d5c291f,Autumn Gardens
566 Kautzer Mountains,Apt. 775,North Sethland,West Virginia,46172-4103,true,-84.96682106542914,152.42181208803822,Route 3,Ms. Oleta Cummerata,37993 Donny Trace,PO BOX 2434,Port Kyungfurt,Massachusetts,58394-4486,kelly@stark.info|cai.kshlerin@gleichner.net|lisha@sipes.io,575.318.4779|(538) 181-4396,dfe48a50829721d2e7f408d943d714cc,Autumn Gardens
9477 Crona Junction,Apt. 667,Cassinhaven,Alaska,36447-5029,true,33.05694174952693,-10.689826278537993,Route 1,Tyron Roberts,26104 Emory Brook,PO BOX 614,Keeblerfort,Arkansas,00726,"",1-605-385-7793|218-924-5070|316-769-0293 x538,98132b8f67d11b2f4e1ed930186d0d0f,Autumn Gardens
1944 Hartmann Views,,Tiannafurt,Ohio,79776,true,-80.28573388794702,-20.58376798052342,Route 5,Starr Rosenbaum,604 Rolfson Place,PO BOX 4080,Rileyton,Rhode Island,93950,avery.harber@nikolauwift.name,120.624.4930 x47653,5f413104efed7b042c573458544d43cd,Paradise Estates
868 Krajcik Loaf,,Danteton,New Hampshire,91230,true,58.19410230583355,61.044772536286985,Route 4,Bennie Beier IV,783 Ismael Vista,PO BOX 5433,East Oraleehaven,South Dakota,43377,"",(902) 123-3369 x7830,b27310e3ea01433274fb4fbe832b14f2,Paradise Estates
23654 Rolland Squares,Apt. 178,Douglasborough,New Jersey,83823,true,83.79144623887044,133.12872034473997,Route 2,Cristobal Hermann II,259 Windler Meadow,PO BOX 3403,Lake Numbersfurt,Alaska,88709,nery@creminmante.biz,893-297-8085|1-538-951-8490 x31674|1-272-737-8960 x46556,00466de83bb289c1348ae51c488123ac,Paradise Estates
28404 Dooley Port,,South Edwardo,Kansas,45894-7986,true,8.07346980668133,10.728257263994607,Route 4,Seema Willms,5631 Koelpin Flat,PO BOX 2154,Piedadchester,Virginia,86185,ricky_prosacco@donnellylockman.com|weston_torp@bartoletti.info,"",cb4fee1e38039e97a1c23645c961ca7f,Paradise Estates
20003 McLaughlin Plain,Suite 423,West Jeri,Ohio,25043-7621,true,53.112810301322554,156.49716780558833,Route 4,Jessenia Purdy,95297 Kilback Orchard,PO BOX 6193,Carterville,Pennsylvania,04331-9726,cordell@feeneyharris.org|randolph.hauck@streichweber.info|christopher@schumm.com,282-162-2514|1-478-440-6080|(124) 700-2098,9d8ac375d99de951796c6e83bbd845d1,Paradise Estates
543 Williamson Loaf,Suite 666,New Burl,Oregon,46220-0144,true,72.06374390467289,152.16546421329696,Route 5,Alton Koepp IV,729 Prohaska Light,PO BOX 6321,Port Rachaelfort,Ohio,78098-2681,"",1-272-811-3331 x958|189-978-1306|1-133-828-7415,2609e44be9b8dd0e54ca947eb0b98027,Paradise Estates
6187 Ziemann Center,Suite 131,East Youngville,Mississippi,87293,true,-37.33655118662278,23.28457640192741,Route 5,Wilfredo Stamm,712 Hoeger Valley,PO BOX 6346,Erniemouth,Idaho,57904-8960,"",364-324-1505,1ffb57c2b8e6194af07ab56d3c91c0ee,Autumn Place
20329 Mirian Motorway,Apt. 366,Dachshire,Illinois,46632,true,-64.36206587744488,160.70966100023412,Route 2,Kandice Leuschke,47924 Denver Stream,PO BOX 1894,Hesselchester,Missouri,63812-0801,hillary.ondricka@bogan.name|frederica@auer.org|damian.powlowski@donnelly.net,(669) 059-5826 x8489|826-819-3875 x306|174.848.9896,9eadfaba21842bde29aec434204690ad,Autumn Place
4634 Hamill Row,,Wardville,California,60671-5071,true,-72.71113754187081,154.89614312626003,Route 2,Salvador Purdy,81121 Deon Lakes,PO BOX 6595,Erikmouth,Michigan,19343,lera_farrell@oberbrunner.net|heidy.rosenbaum@hartmann.name|beie@crooks.info,321.788.6995|288-003-0426 x2162,a6af4c3d7507c1a489cebecae314bfa7,Autumn Place
78949 Wiza Wall,,Iraside,Oklahoma,64535,true,51.597356863927615,48.000660758147745,Route 5,Mr. Francisco Bradtke,575 Hahn Way,PO BOX 4561,North Gilmamouth,Idaho,49013,travis@jenkintreich.org,"",19e12fba57f580e63b0d702497eb0fbc,Autumn Place
5579 Daron Path,,Coralieland,North Carolina,75224,true,41.36671457766653,-17.909659865313103,Route 5,Judi O'Keefe I,9705 Telma Village,PO BOX 988,Port Lennybury,Montana,38596-5384,"",479.267.5879|(495) 715-7815 x590|494-887-4637,7830690fb27e932fd6c36c5a8965cc3c,Autumn Place
13088 Robt Locks,Suite 893,North Francemouth,Ohio,15104,true,51.651554214562736,148.8872270395554,Route 4,Genevie Boyle,3565 Ariel Hill,PO BOX 7528,North Alberto,Colorado,78778-6772,rupert@rau.io|normand@farrellfisher.name|vada@white.net,217-796-1150 x91090,8ddbb81dc18d0cf2615f2ca674406827,Autumn Place
1326 Ebert Squares,,West Warrenburgh,Oregon,23912,true,-12.567664172382607,-139.00643858387392,Route 1,Ms. Liz Wehner,4636 Kulas Springs,PO BOX 3396,Lake Bufordbury,Oklahoma,34599-9120,bell@paucekmraz.co|reynaldo_zieme@lemke.org,"",d8b17181a959e89b8bb39b745c1f0a11,Autumn Place
57833 Harvey Street,,Claudettetown,Georgia,56597-6793,true,65.37108401059965,-54.825417075915226,Route 2,Delcie Von,28583 Lizeth Street,PO BOX 2735,South Kelsiefort,Pennsylvania,67764,steve.konopelski@bartoletti.io,"",79172408bd3d5ad8948bfaa1f877a7ca,Autumn Place
